model,text,subreddit
BMW Serie 3,This is gonna put r/cars in crisis mode,cars
BMW Serie 3,"0.93 g of grip that's high crazy thing is a 2005 Ferrari f430 produces 0.95-0.98 g's in the skid pad. With the advancement of tires, suspension, and cars. You can get good sized Sedans with the grip levels of early 2000s sports cars.",cars
BMW Serie 3,"> The Altima outcornered not only the BMW 330i xDrive but also the last Nissan 370Z we tested.

That's just sad. Not saying Z cars aren't still good, but it sucks to see where they're at nowadays.",cars
BMW Serie 3,This will definitely be on an ad.,cars
BMW Serie 3,"That’s great, but peak corner Gs are not the same thing as handling. A 90s Miata may not pull many Gs either, but handles great by most accounts. ",cars
BMW Serie 3,Gotta give credit where credit is due. Good job Nissan engineers. That's pretty damn commendable in my book.,cars
BMW Serie 3,Breaking news: run flats are horrible. ,cars
BMW Serie 3,"Hmm, this is curious. So the Nissan on all seasons did better than the BMW on actual summer tires? Damn!",cars
BMW Serie 3,"> It should be noted that the skidpad isn't an all-encompassing handling test but rather a good indication of what a car's tires and chassis are capable of during a sustained-limit-handling event 

&#x200B;",cars
BMW Serie 3,"Hell, my Civic pulls 0.88g 


thats .01 off from the 3 series. IS THIS IS YOUR KING? ",cars
Ford Focus ST,What the shame that even Ford doesn’t want to bring Focus ST to America although it has automatic for option....The future of RS seems impossible to come America too.,cars
Ford Focus ST,"> **276hp, not coming to the US** 

2020 Focus ST is JDM confirmed

&#x200B;",cars
Ford Focus ST,haha yes i love SUVS please make more I can't get enough of them please cancel all of your exciting car names and make suvs only yes please thank you /s,cars
Ford Focus ST,"I work at Ford and after seeing these images one of the managers complained it looks too much like his ST line. 

Pretty sure that's the point of the ST-Line? I think the differences are muted but mature, I really like it.",cars
Ford Focus ST,*cries in red white and blue*,cars
Ford Focus ST,As the previous owner of the 5 cylinder second generation focus ST in Australia I am super stoked to be considering this for my next car lease in 2020. LSD and a 2.3 turbo. Not much better than this!,cars
Ford Focus ST,"Ok that actually looks really damn good inside and out. I'm also pleased they are using the 2.3L Ecoboost, should really help tuners squeeze more power out of it. ",cars
Ford Focus ST,Why is everyone so surprised by the news that it's not coming to the US? I thought Ford said they were discontinuing all cars except for the Mustang several months ago. Also the lack of new gen Fiesta ST should have been a clue.,cars
Ford Focus ST,Can someone explain why on earth an American company designing American cars doesn’t want to bring it to America?,cars
Ford Focus ST,The interior isn't anything special but it's light years better then the last model. ,cars
Volkswagen Golf GTI,"$52k for a black edition euro trim is absolutely insane but I guess the euro trim is actually a *deal* considering the akro exhaust is $4500 alone in Europe. I really wish the cool cloth seats weren't tied to it. But every one should be bowing down to the VWoA Golf head, Megan. She listened to a lot of community feedback and pushed **HARD** to get these options in the US.",cars
Volkswagen Golf GTI,Gtfo. The automotive industry is out of their minds.,cars
Volkswagen Golf GTI,It’s wild to me that as I continue to make more money I still can’t afford the things I want because they get equally more expensive,cars
Volkswagen Golf GTI,"Fun fact: in Germany, home of VW, the 2025 Golf R starts at converted around 58k$

So US can be happy about a lower price",cars
Volkswagen Golf GTI,Is that with tariffs,cars
Volkswagen Golf GTI,Offensive. So is that screen that looks like they mounted a laptop to the dash,cars
Volkswagen Golf GTI,"Crazy, 5 years ago msrp started at ~$39k for the R and ~$28k for the GTI. I remember finding a lot of new GTIs at the time for $24k-$26k.",cars
Volkswagen Golf GTI,"I said hey this is actually cheaper than what we have now.

Then I remembered this is probably USD. They go for 55K CAD. 60k plus is kinda insane.

Edit it’s 68k. WHAT THE HELL MAN. I’m so disappointed I wanted to get one new in a couple of years.",cars
Volkswagen Golf GTI,Lol and this before it gets to the dealerships where it'll probably be 65k OTD,cars
Volkswagen Golf GTI,*Before dealer markups.,cars
